state1,state2,similarity,year1,year2,neighbors,year_gap
Alabama,Arkansas,0.9944217889900699,2012,2011,FALSE,1
Alabama,Colorado,0.23584926990318528,2012,2008,FALSE,4
Alabama,Florida,0.9971234864168103,2012,2013,TRUE,1
Alabama,Georgia,0.27152296740794946,2012,2008,TRUE,4
Alabama,Hawaii,6.247428408015845e-4,2012,2006,FALSE,6
Alabama,Idaho,0.9969757943996831,2012,2014,FALSE,2
Alabama,Illinois,0.2391084279688197,2012,2006,FALSE,6
Alabama,Indiana,0.9787222232874518,2012,2011,FALSE,1
Alabama,Kansas,0.9969102394248307,2012,2004,FALSE,8
Alabama,Kentucky,0.9033610790768426,2012,2012,FALSE,0
Alabama,Louisiana,0.8060292760873443,2012,2008,FALSE,4
Alabama,Maine,0.9835845597722345,2012,2012,FALSE,0
Alabama,Maryland,9.097078460088959e-4,2012,2018,FALSE,6
Alabama,Massachusetts,0.003434603154183337,2012,2006,FALSE,6
Alabama,Michigan,0.0016696338382455034,2012,2006,FALSE,6
Alabama,Minnesota,0.9984179743180521,2012,2015,FALSE,3
Alabama,Mississippi,0.9969485388736878,2012,2012,TRUE,0
Alabama,Missouri,0.996976180345336,2012,2010,FALSE,2
Alabama,Montana,0.0831697500198999,2012,2009,FALSE,3
Alabama,Nebraska,0.3302253577782756,2012,2015,FALSE,3
Alabama,North Carolina,0.9969298918873952,2012,2005,FALSE,7
Alabama,North Dakota,0.9993938529226153,2012,2011,FALSE,1
Alabama,Ohio,0.19708796462717865,2012,2016,FALSE,4
Alabama,Oklahoma,0.9969319835306487,2012,2004,FALSE,8
Alabama,Oregon,0.7429078998120787,2012,2015,FALSE,3
Alabama,South Carolina,0.9969642349256993,2012,2010,FALSE,2
Alabama,South Dakota,0.10610051945213758,2012,2010,FALSE,2
Alabama,Tennessee,0.9970442531772228,2012,2009,TRUE,3
Alabama,Texas,0.9870567435316665,2012,2015,FALSE,3
Alabama,Utah,0.1799982584226048,2012,2008,FALSE,4
Alabama,Virginia,0.9969493078183264,2012,2006,FALSE,6
Alabama,Washington,0.9969321740089887,2012,2017,FALSE,5
Alabama,West Virginia,0.9957765847936448,2012,2018,FALSE,6
Alabama,Wisconsin,0.0827555204608065,2012,2014,FALSE,2
Alabama,Alaska,0.08356133661960659,2012,2003,FALSE,9
Alabama,Arizona,0.0024404535521265337,2012,2019,FALSE,7
Alabama,Delaware,7.547565705739429e-4,2012,2008,FALSE,4
Alabama,Iowa,0.7951200259115182,2012,2021,FALSE,9
Alabama,New Hampshire,0.003771968261558831,2012,2018,FALSE,6
Alabama,New York,0.0038722186728920344,2012,2017,FALSE,5
Alabama,Pennsylvania,0.9401021749335521,2012,2021,FALSE,9
Alabama,Vermont,0.003979586802048515,2012,2021,FALSE,9
Arkansas,Colorado,0.3370329667184656,2011,2008,FALSE,3
Arkansas,Florida,0.9835687709140641,2011,2013,FALSE,2
Arkansas,Georgia,0.27036853861691423,2011,2008,FALSE,3
Arkansas,Hawaii,0.002248418819684635,2011,2006,FALSE,5
Arkansas,Idaho,0.9832186492803223,2011,2014,FALSE,3
Arkansas,Illinois,0.3332501987140482,2011,2006,FALSE,5
Arkansas,Indiana,0.9949000133655188,2011,2011,FALSE,0
Arkansas,Kansas,0.9830649936432307,2011,2004,FALSE,7
Arkansas,Kentucky,0.8920044157926037,2011,2012,FALSE,1
Arkansas,Louisiana,0.7960804263093116,2011,2008,TRUE,3
Arkansas,Maine,0.9971034137828603,2011,2012,FALSE,1
Arkansas,Maryland,0.0025305965681788525,2011,2018,FALSE,7
Arkansas,Massachusetts,0.005708156127898377,2011,2006,FALSE,5
Arkansas,Michigan,0.003541220710464853,2011,2006,FALSE,5
Arkansas,Minnesota,0.9983010353275665,2011,2015,FALSE,4
Arkansas,Mississippi,0.9831549466391053,2011,2012,TRUE,1
Arkansas,Missouri,0.9832206253690355,2011,2010,TRUE,1
Arkansas,Montana,0.18779067454158202,2011,2009,FALSE,2
Arkansas,Nebraska,0.4279172427847783,2011,2015,FALSE,4
Arkansas,North Carolina,0.9831109640940454,2011,2005,FALSE,6
Arkansas,North Dakota,0.9901538229508426,2011,2011,FALSE,0
Arkansas,Ohio,0.1961252605523755,2011,2016,FALSE,5
Arkansas,Oklahoma,0.9831161690897087,2011,2004,TRUE,7
Arkansas,Oregon,0.7459755390656685,2011,2015,FALSE,4
Arkansas,South Carolina,0.9831914315260123,2011,2010,FALSE,1
Arkansas,South Dakota,0.21036315609076653,2011,2010,FALSE,1
Arkansas,Tennessee,0.9833797084356625,2011,2009,TRUE,2
Arkansas,Texas,0.9984648934994957,2011,2015,TRUE,4
Arkansas,Utah,0.2810749586036967,2011,2008,FALSE,3
Arkansas,Virginia,0.9831565042420225,2011,2006,FALSE,5
Arkansas,Washington,0.983116292683777,2011,2017,FALSE,6
Arkansas,West Virginia,0.9827832709745635,2011,2018,FALSE,7
Arkansas,Wisconsin,0.18738114929521182,2011,2014,FALSE,3
Arkansas,Delaware,0.0023732782566164893,2011,2008,FALSE,3
Arkansas,Iowa,0.8256990958195368,2011,2021,FALSE,10
Arkansas,New Hampshire,0.006228309103788894,2011,2018,FALSE,7
Arkansas,New York,0.005929381641582196,2011,2017,FALSE,6
Arkansas,Pennsylvania,0.9708117371853164,2011,2021,FALSE,10
Arkansas,Vermont,0.0067774656054126105,2011,2021,FALSE,10
Colorado,Florida,0.1615427026007403,2008,2013,FALSE,5
Colorado,Georgia,0.06931935263755884,2008,2008,FALSE,0
Colorado,Hawaii,0.02039351959429954,2008,2006,FALSE,2
Colorado,Idaho,0.1596334474759383,2008,2014,FALSE,6
Colorado,Illinois,0.9379522318948067,2008,2006,FALSE,2
Colorado,Indiana,0.4301559724711004,2008,2011,FALSE,3
Colorado,Kansas,0.15880229893892048,2008,2004,TRUE,4
Colorado,Kentucky,0.1568241238190736,2008,2012,FALSE,4
Colorado,Louisiana,0.1410729333122278,2008,2008,FALSE,0
Colorado,Maine,0.40708867563223056,2008,2012,FALSE,4
Colorado,Maryland,0.02044659974945553,2008,2018,FALSE,10
Colorado,Massachusetts,0.02755223819380556,2008,2006,FALSE,2
Colorado,Michigan,0.01975781379521776,2008,2006,FALSE,2
Colorado,Minnesota,0.2858339201631343,2008,2015,FALSE,7
Colorado,Mississippi,0.1592902149913555,2008,2012,FALSE,4
Colorado,Missouri,0.15964987487141963,2008,2010,FALSE,2
Colorado,Montana,0.9876683183344614,2008,2009,FALSE,1
Colorado,Nebraska,0.9947995326766749,2008,2015,TRUE,7
Colorado,North Carolina,0.15905062442823623,2008,2005,FALSE,3
Colorado,North Dakota,0.20194629310287202,2008,2011,FALSE,3
Colorado,Ohio,0.05289070139241062,2008,2016,FALSE,8
Colorado,Oklahoma,0.15908092071845503,2008,2004,TRUE,4
Colorado,Oregon,0.24301630641942712,2008,2015,FALSE,7
Colorado,South Carolina,0.15948560147352192,2008,2010,FALSE,2
Colorado,South Dakota,0.9909538193058022,2008,2010,FALSE,2
Colorado,Tennessee,0.16050570361022976,2008,2009,FALSE,1
Colorado,Texas,0.3886187633493372,2008,2015,FALSE,7
Colorado,Utah,0.9832322609379236,2008,2008,TRUE,0
Colorado,Virginia,0.15929723705975618,2008,2006,FALSE,2
Colorado,Washington,0.1590793580002131,2008,2017,FALSE,9
Colorado,West Virginia,0.16663411264401945,2008,2018,FALSE,10
Colorado,Wisconsin,0.9875907003240092,2008,2014,FALSE,6
Colorado,Delaware,0.020378922407931366,2008,2008,FALSE,0
Colorado,Iowa,0.5111526905108371,2008,2021,FALSE,13
Colorado,New Hampshire,0.029260952516321728,2008,2018,FALSE,10
Colorado,New York,0.022104343771841034,2008,2017,FALSE,9
Colorado,Pennsylvania,0.5529477306441213,2008,2021,FALSE,13
Colorado,Vermont,0.031827547707556206,2008,2021,FALSE,13
Florida,Georgia,0.2716441614440999,2013,2008,TRUE,5
Florida,Hawaii,6.234818445967063e-4,2013,2006,FALSE,7
Florida,Idaho,0.9999980223041018,2013,2014,FALSE,1
Florida,Illinois,0.17029470237207894,2013,2006,FALSE,7
Florida,Indiana,0.9603547406335005,2013,2011,FALSE,2
Florida,Kansas,0.9999959437433582,2013,2004,FALSE,9
Florida,Kentucky,0.9060030244570123,2013,2012,FALSE,1
Florida,Louisiana,0.8083404375934549,2013,2008,FALSE,5
Florida,Maine,0.9671109321363979,2013,2012,FALSE,1
Florida,Maryland,9.066460132182172e-4,2013,2018,FALSE,5
Florida,Massachusetts,0.003258914696079998,2013,2006,FALSE,7
Florida,Michigan,0.001518867549248755,2013,2006,FALSE,7
Florida,Minnesota,0.99166027439439,2013,2015,FALSE,2
Florida,Mississippi,0.999997348777675,2013,2012,FALSE,1
Florida,Missouri,0.9999981297013703,2013,2010,FALSE,3
Florida,Montana,0.007398989842986163,2013,2009,FALSE,4
Florida,Nebraska,0.25773325276739883,2013,2015,FALSE,2
Florida,North Carolina,0.9999966506619392,2013,2005,FALSE,8
Florida,North Dakota,0.9991554754212627,2013,2011,FALSE,2
Florida,Ohio,0.19756707477021337,2013,2016,FALSE,3
Florida,Oklahoma,0.9999968005277806,2013,2004,FALSE,9
Florida,Oregon,0.7363934864594938,2013,2015,FALSE,2
Florida,South Carolina,0.9999976908006396,2013,2010,FALSE,3
Florida,South Dakota,0.030429050879505964,2013,2010,FALSE,3
Florida,Tennessee,0.9999992638606199,2013,2009,FALSE,4
Florida,Texas,0.9720629507743191,2013,2015,FALSE,2
Florida,Utah,0.10634166837570926,2013,2008,FALSE,5
Florida,Virginia,0.9999972877899719,2013,2006,FALSE,7
Florida,Washington,0.9999967132214509,2013,2017,FALSE,4
Florida,West Virginia,0.998354114512103,2013,2018,FALSE,5
Florida,Wisconsin,0.006983376621818432,2013,2014,FALSE,1
Florida,Iowa,0.768289351782712,2013,2021,FALSE,8
Florida,New Hampshire,0.003599665885061334,2013,2018,FALSE,5
Florida,New York,0.003573851090227044,2013,2017,FALSE,4
Florida,Pennsylvania,0.9115634484172442,2013,2021,FALSE,8
Florida,Vermont,0.0036128756613069634,2013,2021,FALSE,8
Georgia,Hawaii,0.004510071833353275,2008,2006,FALSE,2
Georgia,Idaho,0.2711790513817606,2008,2014,FALSE,6
Georgia,Illinois,0.11574565723587629,2008,2006,FALSE,2
Georgia,Indiana,0.2631949882914283,2008,2011,FALSE,3
Georgia,Kansas,0.27099607401030434,2008,2004,FALSE,4
Georgia,Kentucky,0.5826245682899948,2008,2012,FALSE,4
Georgia,Louisiana,0.7861376165094013,2008,2008,FALSE,0
Georgia,Maine,0.27685923600183904,2008,2012,FALSE,4
Georgia,Maryland,0.0031129765107860276,2008,2018,FALSE,10
Georgia,Massachusetts,0.30018932369190354,2008,2006,FALSE,2
Georgia,Michigan,0.9627855197122298,2008,2006,FALSE,2
Georgia,Minnesota,0.2763359155071161,2008,2015,FALSE,7
Georgia,Mississippi,0.2713285502752601,2008,2012,FALSE,4
Georgia,Missouri,0.27181337118588467,2008,2010,FALSE,2
Georgia,Montana,0.009996878374429197,2008,2009,FALSE,1
Georgia,Nebraska,0.07741787975612065,2008,2015,FALSE,7
Georgia,North Carolina,0.2710669248011134,2008,2005,TRUE,3
Georgia,North Dakota,0.2731222763032686,2008,2011,FALSE,3
Georgia,Ohio,0.05574913384459013,2008,2016,FALSE,8
Georgia,Oklahoma,0.2711758465399206,2008,2004,FALSE,4
Georgia,Oregon,0.8428223148603444,2008,2015,FALSE,7
Georgia,South Carolina,0.27112142968458386,2008,2010,TRUE,2
Georgia,South Dakota,0.015955875754535873,2008,2010,FALSE,2
Georgia,Tennessee,0.2710749201968363,2008,2009,TRUE,1
Georgia,Texas,0.2675748547184984,2008,2015,FALSE,7
Georgia,Utah,0.22107963555261625,2008,2008,FALSE,0
Georgia,Virginia,0.2711310192827269,2008,2006,FALSE,2
Georgia,Washington,0.2710452403219513,2008,2017,FALSE,9
Georgia,West Virginia,0.3059632411314087,2008,2018,FALSE,10
Georgia,Wisconsin,0.009351837737512726,2008,2014,FALSE,6
Georgia,Iowa,0.7054838178772382,2008,2021,FALSE,13
Georgia,New Hampshire,0.49570121950597607,2008,2018,FALSE,10
Georgia,New York,0.9633504489535609,2008,2017,FALSE,9
Georgia,Pennsylvania,0.25621258407497205,2008,2021,FALSE,13
Georgia,Vermont,0.7438934075518977,2008,2021,FALSE,13
Hawaii,Idaho,4.1504098545834664e-4,2006,2014,FALSE,8
Hawaii,Illinois,0.3621567934186433,2006,2006,FALSE,0
Hawaii,Indiana,6.6706817908794e-4,2006,2011,FALSE,5
Hawaii,Kansas,3.463741545946052e-4,2006,2004,FALSE,2
Hawaii,Kentucky,0.24063817229587156,2006,2012,FALSE,6
Hawaii,Louisiana,0.003369570233743549,2006,2008,FALSE,2
Hawaii,Maine,0.0016629088719804857,2006,2012,FALSE,6
Hawaii,Maryland,0.9999987858138576,2006,2018,FALSE,12
Hawaii,Massachusetts,0.9517996875019347,2006,2006,FALSE,0
Hawaii,Michigan,0.0040187801943528875,2006,2006,FALSE,0
Hawaii,Minnesota,0.02292744510388125,2006,2015,FALSE,9
Hawaii,Mississippi,4.208732467451957e-4,2006,2012,FALSE,6
Hawaii,Missouri,4.7971192034596205e-4,2006,2010,FALSE,4
Hawaii,Montana,5.064816921003504e-4,2006,2009,FALSE,3
Hawaii,Nebraska,5.58192789045298e-4,2006,2015,FALSE,9
Hawaii,North Carolina,3.641629551679448e-4,2006,2005,FALSE,1
Hawaii,North Dakota,8.784950891951363e-4,2006,2011,FALSE,5
Hawaii,Ohio,0.9804090736482817,2006,2016,FALSE,10
Hawaii,Oklahoma,5.142118322051916e-4,2006,2004,FALSE,2
Hawaii,Oregon,0.004732734183379935,2006,2015,FALSE,9
Hawaii,South Carolina,3.841055339483295e-4,2006,2010,FALSE,4
Hawaii,South Dakota,5.491342329435e-4,2006,2010,FALSE,4
Hawaii,Tennessee,3.7385862188809313e-4,2006,2009,FALSE,3
Hawaii,Texas,0.0014123957356542568,2006,2015,FALSE,9
Hawaii,Utah,0.0033702150964939922,2006,2008,FALSE,2
Hawaii,Virginia,4.1133591560267986e-4,2006,2006,FALSE,0
Hawaii,Washington,3.7554091273700804e-4,2006,2017,FALSE,11
Hawaii,West Virginia,0.04518581362519798,2006,2018,FALSE,12
Hawaii,Wisconsin,3.427031246856882e-4,2006,2014,FALSE,8
Hawaii,Iowa,0.007044758984952786,2006,2021,FALSE,15
Hawaii,New Hampshire,0.8600598680107732,2006,2018,FALSE,12
Hawaii,New York,0.004848288070857666,2006,2017,FALSE,11
Hawaii,Pennsylvania,0.0017909115922954415,2006,2021,FALSE,15
Hawaii,Vermont,0.6391609757168456,2006,2021,FALSE,15
Idaho,Illinois,0.16843206702993435,2014,2006,FALSE,8
Idaho,Indiana,0.9598169043621471,2014,2011,FALSE,3
Idaho,Kansas,0.9999996303865589,2014,2004,FALSE,10
Idaho,Kentucky,0.9057902256398093,2014,2012,FALSE,2
Idaho,Louisiana,0.8080644849914903,2014,2008,FALSE,6
Idaho,Maine,0.9666146115136525,2014,2012,FALSE,2
Idaho,Maryland,6.988500122066555e-4,2014,2018,FALSE,4
Idaho,Massachusetts,0.0029134617855853576,2014,2006,FALSE,8
Idaho,Michigan,0.0010496897624711029,2014,2006,FALSE,8
Idaho,Minnesota,0.9914071175497131,2014,2015,FALSE,1
Idaho,Mississippi,0.9999999258832092,2014,2012,FALSE,2
Idaho,Missouri,0.9999997809052236,2014,2010,FALSE,4
Idaho,Montana,0.005476706337268912,2014,2009,TRUE,5
Idaho,Nebraska,0.25587553377701633,2014,2015,FALSE,1
Idaho,North Carolina,0.9999998199694664,2014,2005,FALSE,9
Idaho,North Dakota,0.9990738456736177,2014,2011,FALSE,3
Idaho,Ohio,0.19736122089600802,2014,2016,FALSE,2
Idaho,Oklahoma,0.9999998371835969,2014,2004,FALSE,10
Idaho,Oregon,0.7358624606066129,2014,2015,TRUE,1
Idaho,South Carolina,0.9999999868478138,2014,2010,FALSE,4
Idaho,South Dakota,0.028507695692513307,2014,2010,FALSE,4
Idaho,Tennessee,0.9999995990919142,2014,2009,FALSE,5
Idaho,Texas,0.9716088966277114,2014,2015,FALSE,1
Idaho,Utah,0.10437602427744458,2014,2008,TRUE,6
Idaho,Virginia,0.9999999411775762,2014,2006,FALSE,8
Idaho,Washington,0.9999998344725078,2014,2017,TRUE,3
Idaho,West Virginia,0.9983187232076963,2014,2018,FALSE,4
Idaho,Wisconsin,0.005061379704476765,2014,2014,FALSE,0
Idaho,Iowa,0.7673117171334295,2014,2021,FALSE,7
Idaho,New Hampshire,0.0031788912227183304,2014,2018,FALSE,4
Idaho,New York,0.003100609737210174,2014,2017,FALSE,3
Idaho,Pennsylvania,0.9107685602261493,2014,2021,FALSE,7
Idaho,Vermont,0.0031129735540513684,2014,2021,FALSE,7
Illinois,Indiana,0.4184646541453154,2006,2011,TRUE,5
Illinois,Kansas,0.16762971154324846,2006,2004,FALSE,2
Illinois,Kentucky,0.26248177739124534,2006,2012,TRUE,6
Illinois,Louisiana,0.175536975283427,2006,2008,FALSE,2
Illinois,Maine,0.3981412869371425,2006,2012,FALSE,6
Illinois,Maryland,0.36214062523708007,2006,2018,FALSE,12
Illinois,Massachusetts,0.3664576047771588,2006,2006,FALSE,0
Illinois,Michigan,0.06587985841348107,2006,2006,FALSE,0
Illinois,Minnesota,0.29325734573339846,2006,2015,FALSE,9
Illinois,Mississippi,0.16812325102334688,2006,2012,FALSE,6
Illinois,Missouri,0.168499900519083,2006,2010,TRUE,4
Illinois,Montana,0.9157206312764425,2006,2009,FALSE,3
Illinois,Nebraska,0.927429369499011,2006,2015,FALSE,9
Illinois,North Carolina,0.16786927582022274,2006,2005,FALSE,1
Illinois,North Dakota,0.20787823575550007,2006,2011,FALSE,5
Illinois,Ohio,0.3894563935303253,2006,2016,FALSE,10
Illinois,Oklahoma,0.1679540427512623,2006,2004,FALSE,2
Illinois,Oregon,0.2726362074527989,2006,2015,FALSE,9
Illinois,South Carolina,0.1682817182099913,2006,2010,FALSE,4
Illinois,South Dakota,0.9192351385590064,2006,2010,FALSE,4
Illinois,Tennessee,0.16922104414869116,2006,2009,FALSE,3
Illinois,Texas,0.38053535588447246,2006,2015,FALSE,9
Illinois,Utah,0.9234503571257241,2006,2008,FALSE,2
Illinois,Virginia,0.16811700863653006,2006,2006,FALSE,0
Illinois,Washington,0.16789875903191487,2006,2017,FALSE,11
Illinois,West Virginia,0.19193249996212208,2006,2018,FALSE,12
Illinois,Wisconsin,0.9155585252479678,2006,2014,TRUE,8
Illinois,Iowa,0.5154883295810178,2006,2021,FALSE,15
Illinois,New Hampshire,0.34595135423433404,2006,2018,FALSE,12
Illinois,New York,0.06838061529342046,2006,2017,FALSE,11
Illinois,Pennsylvania,0.5319134780293423,2006,2021,FALSE,15
Illinois,Vermont,0.2844575208216127,2006,2021,FALSE,15
Indiana,Kansas,0.9595814281457637,2011,2004,FALSE,7
Indiana,Kentucky,0.8699270368360381,2011,2012,TRUE,1
Indiana,Louisiana,0.7762791280160493,2011,2008,FALSE,3
Indiana,Maine,0.9995926233523793,2011,2012,FALSE,1
Indiana,Maryland,9.487982004089951e-4,2011,2018,FALSE,7
Indiana,Massachusetts,0.003830203738198801,2011,2006,FALSE,5
Indiana,Michigan,0.001916954995875124,2011,2006,TRUE,5
Indiana,Minnesota,0.9876939132320972,2011,2015,FALSE,4
Indiana,Mississippi,0.9597184607989021,2011,2012,FALSE,1
Indiana,Missouri,0.959817962729955,2011,2010,FALSE,1
Indiana,Montana,0.28587886527834855,2011,2009,FALSE,2
Indiana,Nebraska,0.516877849670674,2011,2015,FALSE,4
Indiana,North Carolina,0.9596517917345221,2011,2005,FALSE,6
Indiana,North Dakota,0.9709915978648295,2011,2011,FALSE,0
Indiana,Ohio,0.19011874503575138,2011,2016,TRUE,5
Indiana,Oklahoma,0.9596590752901762,2011,2004,FALSE,7
Indiana,Oregon,0.7388762267230896,2011,2015,FALSE,4
Indiana,South Carolina,0.9597752893382211,2011,2010,FALSE,1
Indiana,South Dakota,0.30787438445245413,2011,2010,FALSE,1
Indiana,Tennessee,0.9600653543541797,2011,2009,FALSE,2
Indiana,Texas,0.9989588927856266,2011,2015,FALSE,4
Indiana,Utah,0.37414816896857056,2011,2008,FALSE,3
Indiana,Virginia,0.9597214767430498,2011,2006,FALSE,5
Indiana,Washington,0.9596600195394535,2011,2017,FALSE,6
Indiana,West Virginia,0.9598548991595836,2011,2018,FALSE,7
Indiana,Wisconsin,0.2854804739884034,2011,2014,FALSE,3
Indiana,Iowa,0.8445883934131481,2011,2021,FALSE,10
Indiana,New Hampshire,0.004120462342441392,2011,2018,FALSE,7
Indiana,New York,0.0044551562305927845,2011,2017,FALSE,6
Indiana,Pennsylvania,0.9900374693998174,2011,2021,FALSE,10
Indiana,Vermont,0.004806610259343578,2011,2021,FALSE,10
Kansas,Kentucky,0.9057089349129146,2004,2012,FALSE,8
Kansas,Louisiana,0.8079555087500458,2004,2008,FALSE,4
Kansas,Maine,0.9663974936543364,2004,2012,FALSE,8
Kansas,Maryland,6.304320874502207e-4,2004,2018,FALSE,14
Kansas,Massachusetts,0.0027903716621781793,2004,2006,FALSE,2
Kansas,Michigan,8.660394839490248e-4,2004,2006,FALSE,2
Kansas,Minnesota,0.9912962412375821,2004,2015,FALSE,11
Kansas,Mississippi,0.9999998208088825,2004,2012,FALSE,8
Kansas,Missouri,0.9999992840978297,2004,2010,TRUE,6
Kansas,Montana,0.0046392561588107836,2004,2009,FALSE,5
Kansas,Nebraska,0.2550658978143716,2004,2015,TRUE,11
Kansas,North Carolina,0.9999999660686697,2004,2005,FALSE,1
Kansas,North Dakota,0.9990371025876311,2004,2011,FALSE,7
Kansas,Ohio,0.19729295804696795,2004,2016,FALSE,12
Kansas,Oklahoma,0.9999999311340495,2004,2004,TRUE,0
Kansas,Oregon,0.7356440962461929,2004,2015,FALSE,11
Kansas,South Carolina,0.9999997540341344,2004,2010,FALSE,6
Kansas,South Dakota,0.027670616235940665,2004,2010,FALSE,6
Kansas,Tennessee,0.9999985106260347,2004,2009,FALSE,5
Kansas,Texas,0.9714099558384833,2004,2015,FALSE,11
Kansas,Utah,0.10352358440036814,2004,2008,FALSE,4
Kansas,Virginia,0.9999998648830196,2004,2006,FALSE,2
Kansas,Washington,0.9999999594154994,2004,2017,FALSE,13
Kansas,West Virginia,0.9983038182187078,2004,2018,FALSE,14
Kansas,Wisconsin,0.004224039854048523,2004,2014,FALSE,10
Kansas,New Hampshire,0.0030251594342129893,2004,2018,FALSE,14
Kansas,New York,0.0029152047034870883,2004,2017,FALSE,13
Kansas,Pennsylvania,0.9104212948652791,2004,2021,FALSE,17
Kansas,Vermont,0.002925227256772979,2004,2021,FALSE,17
Kentucky,Louisiana,0.9382714079307604,2012,2008,FALSE,4
Kentucky,Maine,0.8806595563961765,2012,2012,FALSE,0
Kentucky,Maryland,0.24036031470549044,2012,2018,FALSE,6
Kentucky,Massachusetts,0.3383685919304965,2012,2006,FALSE,6
Kentucky,Michigan,0.35093734319535885,2012,2006,FALSE,6
Kentucky,Minnesota,0.9058269471483297,2012,2015,FALSE,3
Kentucky,Mississippi,0.9058465031236741,2012,2012,FALSE,0
Kentucky,Missouri,0.9060354993788817,2012,2010,TRUE,2
Kentucky,Montana,0.006079123889054422,2012,2009,FALSE,3
Kentucky,Nebraska,0.23277021431718423,2012,2015,FALSE,3
Kentucky,North Carolina,0.9057385040895128,2012,2005,FALSE,7
Kentucky,North Dakota,0.9057679956246036,2012,2011,FALSE,1
Kentucky,Ohio,0.4135452970939394,2012,2016,TRUE,4
Kentucky,Oklahoma,0.9058137745854644,2012,2004,FALSE,8
Kentucky,Oregon,0.9006225657261949,2012,2015,FALSE,3
Kentucky,South Carolina,0.9057622457942454,2012,2010,FALSE,2
Kentucky,South Dakota,0.02684518307002246,2012,2010,FALSE,2
Kentucky,Tennessee,0.9057404596160761,2012,2009,TRUE,3
Kentucky,Texas,0.8813054905541292,2012,2015,FALSE,3
Kentucky,Utah,0.1632042911822171,2012,2008,FALSE,4
Kentucky,Virginia,0.9057725856724615,2012,2006,TRUE,6
Kentucky,Washington,0.9057333067370403,2012,2017,FALSE,5
Kentucky,West Virginia,0.9277198543331261,2012,2018,TRUE,6
Kentucky,Wisconsin,0.005470805172531164,2012,2014,FALSE,2
Kentucky,New Hampshire,0.38758611832733825,2012,2018,FALSE,6
Kentucky,New York,0.3529917591927607,2012,2017,FALSE,5
Kentucky,Pennsylvania,0.8277876639587564,2012,2021,FALSE,9
Kentucky,Vermont,0.4248080693806276,2012,2021,FALSE,9
Louisiana,Maine,0.7891041017475872,2008,2012,FALSE,4
Louisiana,Maryland,0.002696569579706825,2008,2018,FALSE,10
Louisiana,Massachusetts,0.18591865930806487,2008,2006,FALSE,2
Louisiana,Michigan,0.5899413148791761,2008,2006,FALSE,2
Louisiana,Minnesota,0.8052076640942648,2008,2015,FALSE,7
Louisiana,Mississippi,0.8081573122812772,2008,2012,TRUE,4
Louisiana,Missouri,0.8084525882432003,2008,2010,FALSE,2
Louisiana,Montana,0.005723875077994548,2008,2009,FALSE,1
Louisiana,Nebraska,0.20789745654448172,2008,2015,FALSE,7
Louisiana,North Carolina,0.807998023057208,2008,2005,FALSE,3
Louisiana,North Dakota,0.8084911858534412,2008,2011,FALSE,3
Louisiana,Ohio,0.16117480856745509,2008,2016,FALSE,8
Louisiana,Oklahoma,0.8080646509943845,2008,2004,FALSE,4
Louisiana,Oregon,0.9878900451256419,2008,2015,FALSE,7
Louisiana,South Carolina,0.8080297780059977,2008,2010,FALSE,2
Louisiana,South Dakota,0.024160575524777208,2008,2010,FALSE,2
Louisiana,Tennessee,0.8079970107934055,2008,2009,FALSE,1
Louisiana,Texas,0.7867038718985466,2008,2015,TRUE,7
Louisiana,Utah,0.19851412352919487,2008,2008,FALSE,0
Louisiana,Virginia,0.8080363769450744,2008,2006,FALSE,2
Louisiana,Washington,0.8079846497064672,2008,2017,FALSE,9
Louisiana,West Virginia,0.8282673147157397,2008,2018,FALSE,10
Louisiana,Wisconsin,0.005062337875395314,2008,2014,FALSE,6
Louisiana,New Hampshire,0.30572103344171364,2008,2018,FALSE,10
Louisiana,New York,0.591596300074645,2008,2017,FALSE,9
Louisiana,Pennsylvania,0.7399952333698648,2008,2021,FALSE,13
Louisiana,Vermont,0.4574992474294802,2008,2021,FALSE,13
Maine,Maryland,0.0019265303245707764,2012,2018,FALSE,6
Maine,Massachusetts,0.008573772756454866,2012,2006,FALSE,6
Maine,Michigan,0.014391577436062269,2012,2006,FALSE,6
Maine,Minnesota,0.9913550686050296,2012,2015,FALSE,3
Maine,Mississippi,0.9665268284613735,2012,2012,FALSE,0
Maine,Missouri,0.966623885922766,2012,2010,FALSE,2
Maine,Montana,0.2611901566932304,2012,2009,FALSE,3
Maine,Nebraska,0.49471144103304465,2012,2015,FALSE,3
Maine,North Carolina,0.9664625866718816,2012,2005,FALSE,7
Maine,North Dakota,0.9767443236288618,2012,2011,FALSE,1
Maine,Ohio,0.1923691085381167,2012,2016,FALSE,4
Maine,Oklahoma,0.9664707906225981,2012,2004,FALSE,8
Maine,Oregon,0.7493824536168745,2012,2015,FALSE,3
Maine,South Carolina,0.9665758979412055,2012,2010,FALSE,2
Maine,South Dakota,0.28334826842404226,2012,2010,FALSE,2
Maine,Tennessee,0.9668396396519446,2012,2009,FALSE,3
Maine,Texas,0.9997416867896881,2012,2015,FALSE,3
Maine,Utah,0.35312503714302085,2012,2008,FALSE,4
Maine,Virginia,0.966526995277285,2012,2006,FALSE,6
Maine,Washington,0.9664698158350136,2012,2017,FALSE,5
Maine,West Virginia,0.9669972242131268,2012,2018,FALSE,6
Maine,Wisconsin,0.26078182450939247,2012,2014,FALSE,2
Maine,New Hampshire,0.011321808708787982,2012,2018,TRUE,6
Maine,New York,0.01689420699305136,2012,2017,FALSE,5
Maine,Pennsylvania,0.9860951511731367,2012,2021,FALSE,9
Maine,Vermont,0.014964112127724678,2012,2021,FALSE,9
Maryland,Massachusetts,0.9513295088086844,2018,2006,FALSE,12
Maryland,Michigan,0.0024873012327580307,2018,2006,FALSE,12
Maryland,Minnesota,0.02320342877824772,2018,2015,FALSE,3
Maryland,Mississippi,7.044268659486377e-4,2018,2012,FALSE,6
Maryland,Missouri,7.625117660784375e-4,2018,2010,FALSE,8
Maryland,Montana,5.442357032193738e-4,2018,2009,FALSE,9
Maryland,Nebraska,6.661236853439046e-4,2018,2015,FALSE,3
Maryland,North Carolina,6.481207949829419e-4,2018,2005,FALSE,13
Maryland,North Dakota,0.0011606896561179502,2018,2011,FALSE,7
Maryland,Ohio,0.9804671700265389,2018,2016,FALSE,2
Maryland,Oklahoma,7.979984509018522e-4,2018,2004,FALSE,14
Maryland,Oregon,0.0039235182477040135,2018,2015,FALSE,3
Maryland,South Carolina,6.679987161393941e-4,2018,2010,FALSE,8
Maryland,South Dakota,5.938613766645347e-4,2018,2010,FALSE,8
Maryland,Tennessee,6.578769800409167e-4,2018,2009,FALSE,9
Maryland,Texas,0.0016934042040474028,2018,2015,FALSE,3
Maryland,Utah,0.003141591624876452,2018,2008,FALSE,10
Maryland,Virginia,6.952044235872106e-4,2018,2006,TRUE,12
Maryland,Washington,6.595347969166637e-4,2018,2017,FALSE,1
Maryland,West Virginia,0.04541360009131142,2018,2018,TRUE,0
Maryland,Wisconsin,3.8118579922924147e-4,2018,2014,FALSE,4
Maryland,New Hampshire,0.8592781842261012,2018,2018,FALSE,0
Maryland,New York,0.0033174828751959128,2018,2017,FALSE,1
Maryland,Pennsylvania,0.0020552500671220395,2018,2021,TRUE,3
Maryland,Vermont,0.6379831021282341,2018,2021,FALSE,3
Massachusetts,Michigan,0.3105298847949539,2006,2006,FALSE,0
Massachusetts,Minnesota,0.026604693087429566,2006,2015,FALSE,9
Massachusetts,Mississippi,0.002966837178411091,2006,2012,FALSE,6
Massachusetts,Missouri,0.00317707256360488,2006,2010,FALSE,4
Massachusetts,Montana,0.002673917621850124,2006,2009,FALSE,3
Massachusetts,Nebraska,0.003218008938301815,2006,2015,FALSE,9
Massachusetts,North Carolina,0.0028297059924619027,2006,2005,FALSE,1
Massachusetts,North Dakota,0.0040279154040677185,2006,2011,FALSE,5
Massachusetts,Ohio,0.9329847758470872,2006,2016,FALSE,10
Massachusetts,Oklahoma,0.0030070057485680206,2006,2004,FALSE,2
Massachusetts,Oregon,0.2112740067274192,2006,2015,FALSE,9
Massachusetts,South Carolina,0.002865779334268758,2006,2010,FALSE,4
Massachusetts,South Dakota,0.0026813753333370556,2006,2010,FALSE,4
Massachusetts,Tennessee,0.0028407003243970546,2006,2009,FALSE,3
Massachusetts,Texas,0.00496846001771038,2006,2015,FALSE,9
Massachusetts,Utah,0.06437455059392627,2006,2008,FALSE,2
Massachusetts,Virginia,0.002894820908145245,2006,2006,FALSE,0
Massachusetts,Washington,0.002833592790645914,2006,2017,FALSE,11
Massachusetts,West Virginia,0.0566857110057102,2006,2018,FALSE,12
Massachusetts,Wisconsin,0.002347558048039192,2006,2014,FALSE,8
Massachusetts,New Hampshire,0.9750899561975239,2006,2018,TRUE,12
Massachusetts,New York,0.3113251226852329,2006,2017,TRUE,11
Massachusetts,Pennsylvania,0.00671761936976683,2006,2021,FALSE,15
Massachusetts,Vermont,0.844240896367034,2006,2021,TRUE,15
Michigan,Minnesota,0.007836431255779115,2006,2015,FALSE,9
Michigan,Mississippi,0.0012076788463030953,2006,2012,FALSE,6
Michigan,Missouri,0.0017087318134767948,2006,2010,FALSE,4
Michigan,Montana,0.001306339528738178,2006,2009,FALSE,3
Michigan,Nebraska,0.0013194976878999653,2006,2015,FALSE,9
Michigan,North Carolina,9.377032525914647e-4,2006,2005,FALSE,1
Michigan,North Dakota,0.003004143882276062,2006,2011,FALSE,5
Michigan,Ohio,0.0019717665054761043,2006,2016,TRUE,10
Michigan,Oklahoma,0.0010505897873892295,2006,2004,FALSE,2
Michigan,Oregon,0.6682450697554212,2006,2015,FALSE,9
Michigan,South Carolina,9.909602996602351e-4,2006,2010,FALSE,4
Michigan,South Dakota,0.0010357588496688287,2006,2010,FALSE,4
Michigan,Tennessee,9.34945476386206e-4,2006,2009,FALSE,3
Michigan,Texas,0.0034893404805813174,2006,2015,FALSE,9
Michigan,Utah,0.19303465987630206,2006,2008,FALSE,2
Michigan,Virginia,0.0010023670071467863,2006,2006,FALSE,0
Michigan,Washington,9.149423385452865e-4,2006,2017,FALSE,11
Michigan,West Virginia,0.03759321071540219,2006,2018,FALSE,12
Michigan,Wisconsin,7.528161186777606e-4,2006,2014,TRUE,8
Michigan,New Hampshire,0.5136385204293054,2006,2018,FALSE,12
Michigan,New York,0.9999954943988533,2006,2017,FALSE,11
Michigan,Pennsylvania,0.007432072398982854,2006,2021,FALSE,15
Michigan,Vermont,0.7716252805414797,2006,2021,FALSE,15
Minnesota,Mississippi,0.9913630577086908,2015,2012,FALSE,3
Minnesota,Missouri,0.9914130732467804,2015,2010,FALSE,5
Minnesota,Montana,0.13413330148138358,2015,2009,FALSE,6
Minnesota,Nebraska,0.3780956212492529,2015,2015,FALSE,0
Minnesota,North Carolina,0.9913294607644348,2015,2005,FALSE,10
Minnesota,North Dakota,0.9960435819042142,2015,2011,TRUE,4
Minnesota,Ohio,0.21791941315522614,2015,2016,FALSE,1
Minnesota,Oklahoma,0.9913368763966806,2015,2004,FALSE,11
Minnesota,Oregon,0.7487774414935463,2015,2015,FALSE,0
Minnesota,South Carolina,0.991386965718585,2015,2010,FALSE,5
Minnesota,South Dakota,0.1569148260917751,2015,2010,TRUE,5
Minnesota,Tennessee,0.9915191848540045,2015,2009,FALSE,6
Minnesota,Texas,0.9937433968527523,2015,2015,FALSE,0
Minnesota,Utah,0.23039882871140524,2015,2008,FALSE,7
Minnesota,Virginia,0.9913629446526154,2015,2006,FALSE,9
Minnesota,Washington,0.9913333531185352,2015,2017,FALSE,2
Minnesota,West Virginia,0.9917289621637386,2015,2018,FALSE,3
Minnesota,Wisconsin,0.13371451887518299,2015,2014,TRUE,1
Minnesota,New Hampshire,0.026109444324261384,2015,2018,FALSE,3
Minnesota,New York,0.010149463892599698,2015,2017,FALSE,2
Minnesota,Pennsylvania,0.9561473179813446,2015,2021,FALSE,6
Minnesota,Vermont,0.023069238765166082,2015,2021,FALSE,6
Mississippi,Missouri,0.9999998104157392,2012,2010,FALSE,2
Mississippi,Montana,0.005125855570819013,2012,2009,FALSE,3
Mississippi,Nebraska,0.2555363063846969,2012,2015,FALSE,3
Mississippi,North Carolina,0.9999999340945236,2012,2005,FALSE,7
Mississippi,North Dakota,0.9990589936323913,2012,2011,FALSE,1
Mississippi,Ohio,0.1973660465290399,2012,2016,FALSE,4
Mississippi,Oklahoma,0.9999999610079784,2012,2004,FALSE,8
Mississippi,Oregon,0.7359278671501391,2012,2015,FALSE,3
Mississippi,South Carolina,0.9999999552606892,2012,2010,FALSE,2
Mississippi,South Dakota,0.028156934132775886,2012,2010,FALSE,2
Mississippi,Tennessee,0.9999991951973454,2012,2009,TRUE,3
Mississippi,Texas,0.9715261659978432,2012,2015,FALSE,3
Mississippi,Utah,0.10406399678674486,2012,2008,FALSE,4
Mississippi,Virginia,0.9999999788209233,2012,2006,FALSE,6
Mississippi,Washington,0.9999999347634814,2012,2017,FALSE,5
Mississippi,West Virginia,0.9983226449911973,2012,2018,FALSE,6
Mississippi,Wisconsin,0.004710439757284823,2012,2014,FALSE,2
Mississippi,New Hampshire,0.003264030474354324,2012,2018,FALSE,6
Mississippi,New York,0.0032578895013281512,2012,2017,FALSE,5
Mississippi,Pennsylvania,0.910624581338414,2012,2021,FALSE,9
Mississippi,Vermont,0.003237000865641428,2012,2021,FALSE,9
Missouri,Montana,0.00547991962608199,2010,2009,FALSE,1
Missouri,Nebraska,0.25587844706468715,2010,2015,TRUE,5
Missouri,North Carolina,0.9999995225767716,2010,2005,FALSE,5
Missouri,North Dakota,0.999075043767242,2010,2011,FALSE,1
Missouri,Ohio,0.19742314729116348,2010,2016,FALSE,6
Missouri,Oklahoma,0.9999996235254952,2010,2004,TRUE,6
Missouri,Oregon,0.7363025658856528,2010,2015,FALSE,5
Missouri,South Carolina,0.9999997267993308,2010,2010,FALSE,0
Missouri,South Dakota,0.028510710894604368,2010,2010,FALSE,0
Missouri,Tennessee,0.9999993039142431,2010,2009,TRUE,1
Missouri,Texas,0.97161092358596,2010,2015,FALSE,5
Missouri,Utah,0.10450557537550387,2010,2008,FALSE,2
Missouri,Virginia,0.9999996898868371,2010,2006,FALSE,4
Missouri,Washington,0.999999522858996,2010,2017,FALSE,7
Missouri,West Virginia,0.9983453705030632,2010,2018,FALSE,8
Missouri,Wisconsin,0.0050642185728121,2010,2014,FALSE,4
Missouri,New Hampshire,0.003570617373077071,2010,2018,FALSE,8
Missouri,New York,0.003759703069837648,2010,2017,FALSE,7
Missouri,Pennsylvania,0.9107736751955389,2010,2021,FALSE,11
Missouri,Vermont,0.003660963609396606,2010,2021,FALSE,11
Montana,Nebraska,0.9680965692237867,2009,2015,FALSE,6
Montana,North Carolina,0.004889196436195087,2009,2005,FALSE,4
Montana,North Dakota,0.04845533401358535,2009,2011,TRUE,2
Montana,Ohio,0.0030927408724054813,2009,2016,FALSE,7
Montana,Oklahoma,0.004914806305757372,2009,2004,FALSE,5
Montana,Oregon,0.1188409955146701,2009,2015,FALSE,6
Montana,South Carolina,0.005328587373967297,2009,2010,FALSE,1
Montana,South Dakota,0.9997346662539163,2009,2010,TRUE,1
Montana,Tennessee,0.006363645895324202,2009,2009,FALSE,0
Montana,Texas,0.24189894915406285,2009,2015,FALSE,6
Montana,Utah,0.9764511134538444,2009,2008,FALSE,1
Montana,Virginia,0.00513695261237329,2009,2006,FALSE,3
Montana,Washington,0.004918505024253873,2009,2017,FALSE,8
Montana,West Virginia,0.01126244844629183,2009,2018,FALSE,9
Montana,Wisconsin,0.9999997477723209,2009,2014,FALSE,5
Montana,New Hampshire,0.0024490304829861502,2009,2018,FALSE,9
Montana,New York,0.003347268727021003,2009,2017,FALSE,8
Montana,Pennsylvania,0.4178546365790944,2009,2021,FALSE,12
Montana,Vermont,0.004717494516195578,2009,2021,FALSE,12
Nebraska,North Carolina,0.2553075533115381,2015,2005,FALSE,10
Nebraska,North Dakota,0.29719152982614516,2015,2011,FALSE,4
Nebraska,Ohio,0.05241052261833015,2015,2016,FALSE,1
Nebraska,Oklahoma,0.25533228683574033,2015,2004,FALSE,11
Nebraska,Oregon,0.2991418721661169,2015,2015,FALSE,0
Nebraska,South Carolina,0.25573235343569856,2015,2010,FALSE,5
Nebraska,South Dakota,0.9736112541453514,2015,2010,TRUE,5
Nebraska,Tennessee,0.25673288460732674,2015,2009,FALSE,6
Nebraska,Texas,0.47731589002957703,2015,2015,FALSE,0
Nebraska,Utah,0.9700739570592195,2015,2008,FALSE,7
Nebraska,Virginia,0.2555470806780599,2015,2006,FALSE,9
Nebraska,Washington,0.2553358945767895,2015,2017,FALSE,2
Nebraska,West Virginia,0.2610383687550766,2015,2018,FALSE,3
Nebraska,Wisconsin,0.967992372143439,2015,2014,FALSE,1
Nebraska,New Hampshire,0.003028397158709386,2015,2018,FALSE,3
Nebraska,New York,0.0038064083505895694,2015,2017,FALSE,2
Nebraska,Pennsylvania,0.632170286429538,2015,2021,FALSE,6
Nebraska,Vermont,0.005159290082262211,2015,2021,FALSE,6
North Carolina,North Dakota,0.9990481786903741,2005,2011,FALSE,6
North Carolina,Ohio,0.1973106584011529,2005,2016,FALSE,11
North Carolina,Oklahoma,0.9999999821164642,2005,2004,FALSE,1
North Carolina,Oregon,0.7357205676695773,2005,2015,FALSE,10
North Carolina,South Carolina,0.999999901887106,2005,2010,TRUE,5
North Carolina,South Dakota,0.027920442641361374,2005,2010,FALSE,5
North Carolina,Tennessee,0.9999989129138134,2005,2009,TRUE,4
North Carolina,Texas,0.9714694413990425,2005,2015,FALSE,10
North Carolina,Utah,0.10378123043391844,2005,2008,FALSE,3
North Carolina,Virginia,0.9999999661431164,2005,2006,TRUE,1
North Carolina,Washington,0.9999999992449867,2005,2017,FALSE,12
North Carolina,West Virginia,0.998308837830805,2005,2018,FALSE,13
North Carolina,Wisconsin,0.004473938297176912,2005,2014,FALSE,9
North Carolina,Pennsylvania,0.910525106400729,2005,2021,FALSE,16
North Carolina,Vermont,0.002992501139576692,2005,2021,FALSE,16
North Dakota,Ohio,0.19769424871427696,2011,2016,FALSE,5
North Dakota,Oklahoma,0.9990495760917366,2011,2004,FALSE,7
North Dakota,Oregon,0.7413844148546674,2011,2015,FALSE,4
North Dakota,South Carolina,0.9990673411444465,2011,2010,FALSE,1
North Dakota,South Dakota,0.07144762193349301,2011,2010,TRUE,1
North Dakota,Tennessee,0.9991113322810754,2011,2009,FALSE,2
North Dakota,Texas,0.980882817343166,2011,2015,FALSE,4
North Dakota,Utah,0.1465924772339204,2011,2008,FALSE,3
North Dakota,Virginia,0.9990590921043161,2011,2006,FALSE,5
North Dakota,Washington,0.9990494146760966,2011,2017,FALSE,6
North Dakota,West Virginia,0.9977320162206385,2011,2018,FALSE,7
North Dakota,Wisconsin,0.048039358232762605,2011,2014,FALSE,3
North Dakota,Pennsylvania,0.9276839099425181,2011,2021,FALSE,10
North Dakota,Vermont,0.005054235984202304,2011,2021,FALSE,10
Ohio,Oklahoma,0.19745755322106395,2016,2004,FALSE,12
Ohio,Oregon,0.14829264328576439,2016,2015,FALSE,1
Ohio,South Carolina,0.19733079382188903,2016,2010,FALSE,6
Ohio,South Dakota,0.007670654404673447,2016,2010,FALSE,6
Ohio,Tennessee,0.19732236771083214,2016,2009,FALSE,7
Ohio,Texas,0.19310153757706267,2016,2015,FALSE,1
Ohio,Utah,0.02492507152297516,2016,2008,FALSE,8
Ohio,Virginia,0.19735716353468744,2016,2006,FALSE,10
Ohio,Washington,0.19732190957667575,2016,2017,FALSE,1
Ohio,West Virginia,0.24084971787514597,2016,2018,TRUE,2
Ohio,Wisconsin,0.002851589560230052,2016,2014,FALSE,2
Ohio,Pennsylvania,0.18174915617232607,2016,2021,TRUE,5
Ohio,Vermont,0.6255327388279475,2016,2021,FALSE,5
Oklahoma,Oregon,0.7357990830417246,2004,2015,FALSE,11
Oklahoma,South Carolina,0.9999999041206188,2004,2010,FALSE,6
Oklahoma,South Dakota,0.027946014831572233,2004,2010,FALSE,6
Oklahoma,Tennessee,0.99999893360607806,2004,2009,FALSE,5
Oklahoma,Texas,0.9714758927791998,2004,2015,TRUE,11
Oklahoma,Utah,0.10382816293691091,2004,2008,FALSE,4
Oklahoma,Virginia,0.9999999688648941,2004,2006,FALSE,2
Oklahoma,Washington,0.9999999812525673,2004,2017,FALSE,13
Oklahoma,West Virginia,0.998319801587179,2004,2018,FALSE,14
Oklahoma,Wisconsin,0.004499461652432442,2004,2014,FALSE,10
Oklahoma,Pennsylvania,0.9105365427014367,2004,2021,FALSE,17
Oklahoma,Vermont,0.003174845777848298,2004,2021,FALSE,17
Oregon,South Carolina,0.735806329967959,2015,2010,FALSE,5
Oregon,South Dakota,0.13554738973161287,2015,2010,FALSE,5
Oregon,Tennessee,0.7358865884381324,2015,2009,FALSE,6
Oregon,Texas,0.7435771084822775,2015,2015,FALSE,0
Oregon,Utah,0.31675160668127644,2015,2008,FALSE,7
Oregon,Virginia,0.7357921183731911,2015,2006,FALSE,9
Oregon,Washington,0.7357087483391708,2015,2017,TRUE,2
Oregon,West Virginia,0.7597485124949553,2015,2018,FALSE,3
Oregon,Wisconsin,0.1181662410266668,2015,2014,FALSE,1
Oregon,Pennsylvania,0.7215686803410323,2015,2021,FALSE,6
Oregon,Vermont,0.5188230075576682,2015,2021,FALSE,6
South Carolina,South Dakota,0.02835965058034511,2010,2010,FALSE,0
South Carolina,Tennessee,0.9999994626079336,2010,2009,FALSE,1
South Carolina,Texas,0.9715736876373426,2010,2015,FALSE,5
South Carolina,Utah,0.10422019019449431,2010,2008,FALSE,2
South Carolina,Virginia,0.9999999811975132,2010,2006,FALSE,4
South Carolina,Washington,0.9999999130326457,2010,2017,FALSE,7
South Carolina,West Virginia,0.9983143463118703,2010,2018,FALSE,8
South Carolina,Wisconsin,0.0049132977658806545,2010,2014,FALSE,4
South Carolina,Vermont,0.003047629273055917,2010,2021,FALSE,11
South Dakota,Tennessee,0.029394311481272403,2010,2009,FALSE,1
South Dakota,Texas,0.2641828422746628,2010,2015,FALSE,5
South Dakota,Utah,0.978416636678222,2010,2008,FALSE,2
South Dakota,Virginia,0.02816808729859677,2010,2006,FALSE,4
South Dakota,Washington,0.0279497471932198,2010,2017,FALSE,7
South Dakota,West Virginia,0.03424323486515421,2010,2018,FALSE,8
South Dakota,Wisconsin,0.9997250050331867,2010,2014,FALSE,4
South Dakota,Vermont,0.004582230380460482,2010,2021,FALSE,11
Tennessee,Texas,0.9718180572497899,2009,2015,FALSE,6
Tennessee,Utah,0.10521925916711185,2009,2008,FALSE,1
Tennessee,Virginia,0.9999992444900874,2009,2006,TRUE,3
Tennessee,Washington,0.9999989555833985,2009,2017,FALSE,8
Tennessee,West Virginia,0.9983173914371872,2009,2018,FALSE,9
Tennessee,Wisconsin,0.005948391968075124,2009,2014,FALSE,5
Tennessee,Vermont,0.003001529941437598,2009,2021,FALSE,12
Texas,Utah,0.3327070857720678,2015,2008,FALSE,7
Texas,Virginia,0.9715283546818626,2015,2006,FALSE,9
Texas,Washington,0.9714763502464933,2015,2017,FALSE,2
Texas,West Virginia,0.9714646559454342,2015,2018,FALSE,3
Texas,Wisconsin,0.24149455471403497,2015,2014,FALSE,1
Texas,Vermont,0.006365174745261847,2015,2021,FALSE,6
Utah,Virginia,0.1040354579078416,2008,2006,FALSE,2
Utah,Washington,0.10380548844702525,2008,2017,FALSE,9
Utah,West Virginia,0.11695071142198162,2008,2018,FALSE,10
Utah,Wisconsin,0.9763034005081651,2008,2014,FALSE,6
Utah,Vermont,0.15411059578246478,2008,2021,FALSE,13
Virginia,Washington,0.9999999717187121,2006,2017,FALSE,11
Virginia,West Virginia,0.9983148333682433,2006,2018,TRUE,12
Virginia,Wisconsin,0.00472165178615691,2006,2014,FALSE,8
Washington,West Virginia,0.9983087002681622,2017,2018,FALSE,1
Washington,Wisconsin,0.004503257699790305,2017,2014,FALSE,3
West Virginia,Wisconsin,0.010820421686667742,2018,2014,FALSE,4
Alaska,Arkansas,0.18817814616553105,2003,2011,FALSE,8
Alaska,Colorado,0.9877456037414001,2003,2008,FALSE,5
Alaska,Florida,0.007791924159272986,2003,2013,FALSE,10
Alaska,Georgia,0.010721275790596223,2003,2008,FALSE,5
Alaska,Hawaii,7.775540809172717e-4,2003,2006,FALSE,3
Alaska,Idaho,0.005869291448461807,2003,2014,FALSE,11
Alaska,Illinois,0.9159228747122616,2003,2006,FALSE,3
Alaska,Indiana,0.28625536521735534,2003,2011,FALSE,8
Alaska,Kansas,0.005031707892523344,2003,2004,FALSE,1
Alaska,Kentucky,0.0067234677812685415,2003,2012,FALSE,9
Alaska,Louisiana,0.006419419075302745,2003,2008,FALSE,5
Alaska,Maine,0.26157766614470546,2003,2012,FALSE,9
Alaska,Maryland,8.144374424688222e-4,2003,2018,FALSE,15
Alaska,Massachusetts,0.003129444773797248,2003,2006,FALSE,3
Alaska,Michigan,0.0019486405576436515,2003,2006,FALSE,3
Alaska,Minnesota,0.13453246735443117,2003,2015,FALSE,12
Alaska,Mississippi,0.005518544666109174,2003,2012,FALSE,9
Alaska,Missouri,0.005872944318525328,2003,2010,FALSE,7
Alaska,Montana,0.9999996809205122,2003,2009,FALSE,6
Alaska,Nebraska,0.9681944933824318,2003,2015,FALSE,12
Alaska,North Carolina,0.005281698081555103,2003,2005,FALSE,2
Alaska,North Dakota,0.048848785285560185,2003,2011,FALSE,8
Alaska,Ohio,0.0034344030907547227,2003,2016,FALSE,13
Alaska,Oklahoma,0.005307420472843133,2003,2004,FALSE,1
Alaska,Oregon,0.11955840449855683,2003,2015,FALSE,12
Alaska,South Carolina,0.005721127053366532,2003,2010,FALSE,7
Alaska,South Dakota,0.9997432101396938,2003,2010,FALSE,7
Alaska,Tennessee,0.006756143219465544,2003,2009,FALSE,6
Alaska,Texas,0.24228142824096874,2003,2015,FALSE,12
Alaska,Utah,0.9766132570465462,2003,2008,FALSE,5
Alaska,Virginia,0.005529507549213239,2003,2006,FALSE,3
Alaska,Washington,0.005310995042097383,2003,2017,FALSE,14
Alaska,West Virginia,0.011689786195217669,2003,2018,FALSE,15
Alaska,Wisconsin,0.9999988673061629,2003,2014,FALSE,11
Alaska,Arizona,0.0018935128443195298,2003,2019,FALSE,16
Alaska,Delaware,7.816882618106472e-4,2003,2008,FALSE,5
Alaska,Iowa,0.3890735027486353,2003,2021,FALSE,18
Alaska,New Hampshire,0.003010200525369534,2003,2018,FALSE,15
Alaska,New York,0.003990586030250313,2003,2017,FALSE,14
Alaska,Pennsylvania,0.41821530041102645,2003,2021,FALSE,18
Alaska,Vermont,0.005384677764110968,2003,2021,FALSE,18
Arizona,Arkansas,0.004479249119430556,2019,2011,FALSE,8
Arizona,Colorado,0.02504809072650115,2019,2008,TRUE,11
Arizona,Florida,0.0023575184733543803,2019,2013,FALSE,6
Arizona,Georgia,0.21006014890750807,2019,2008,FALSE,11
Arizona,Hawaii,0.9770072119211066,2019,2006,FALSE,13
Arizona,Idaho,0.0020526571132598362,2019,2014,FALSE,5
Arizona,Illinois,0.3684546864041719,2019,2006,FALSE,13
Arizona,Indiana,0.0026258085842463916,2019,2011,FALSE,8
Arizona,Kansas,0.0019458781344345445,2019,2004,FALSE,15
Arizona,Kentucky,0.3110089199561933,2019,2012,FALSE,7
Arizona,Louisiana,0.13021585292359994,2019,2008,FALSE,11
Arizona,Maine,0.0062495875591679325,2019,2012,FALSE,7
Arizona,Maryland,0.9766799457465213,2019,2018,FALSE,1
Arizona,Massachusetts,0.9953096432362344,2019,2006,FALSE,13
Arizona,Michigan,0.21712497397538932,2019,2006,FALSE,13
Arizona,Minnesota,0.025554297533947754,2019,2015,FALSE,4
Arizona,Mississippi,0.002091784023072007,2019,2012,FALSE,7
Arizona,Missouri,0.0022562951022751395,2019,2010,FALSE,9
Arizona,Montana,0.0014914101627397866,2019,2009,FALSE,10
Arizona,Nebraska,0.0018775423584514806,2019,2015,FALSE,4
Arizona,North Carolina,0.0019786992581565647,2019,2005,FALSE,14
Arizona,North Dakota,0.0029509773148560427,2019,2011,FALSE,8
Arizona,Ohio,0.9577285852336503,2019,2016,FALSE,3
Arizona,Oklahoma,0.002149254981295363,2019,2004,FALSE,15
Arizona,Oregon,0.14821871605374654,2019,2015,FALSE,4
Arizona,South Carolina,0.002009833099548254,2019,2010,FALSE,9
Arizona,South Dakota,0.0015078692110952752,2019,2010,FALSE,9
Arizona,Tennessee,0.0019886233300891285,2019,2009,FALSE,10
Arizona,Texas,0.0036740768261941913,2019,2015,FALSE,4
Arizona,Utah,0.045286931432133845,2019,2008,TRUE,11
Arizona,Virginia,0.002038709663920496,2019,2006,FALSE,13
Arizona,Washington,0.001984974077784205,2019,2017,FALSE,2
Arizona,West Virginia,0.05354841254844858,2019,2018,FALSE,1
Arizona,Wisconsin,0.001212936946941075,2019,2014,FALSE,5
Arizona,Delaware,0.9765347818794,2019,2008,FALSE,11
Arizona,Iowa,0.11797463104478506,2019,2021,FALSE,2
Arizona,New Hampshire,0.9490607699486884,2019,2018,FALSE,1
Arizona,New York,0.21793809953664608,2019,2017,FALSE,2
Arizona,Pennsylvania,0.0049228264011529875,2019,2021,FALSE,2
Arizona,Vermont,0.7884346346427665,2019,2021,FALSE,2
Delaware,Florida,7.53652265593393e-4,2008,2013,FALSE,5
Delaware,Georgia,0.00242266166427128,2008,2008,FALSE,0
Delaware,Hawaii,0.9999975586615601,2008,2006,FALSE,2
Delaware,Idaho,5.46230559294931e-4,2008,2014,FALSE,6
Delaware,Illinois,0.36204325974754964,2008,2006,FALSE,2
Delaware,Indiana,7.931269482477451e-4,2008,2011,FALSE,3
Delaware,Kansas,4.779619352238203e-4,2008,2004,FALSE,4
Delaware,Kentucky,0.23998654172451578,2008,2012,FALSE,4
Delaware,Louisiana,0.0021761908076907447,2008,2008,FALSE,0
Delaware,Maine,0.0017621760248368755,2008,2012,FALSE,4
Delaware,Maryland,0.9999997607613959,2008,2018,TRUE,10
Delaware,Massachusetts,0.9511211889267562,2008,2006,FALSE,2
Delaware,Michigan,0.0018131613807882087,2008,2006,FALSE,2
Delaware,Minnesota,0.02304364445870005,2008,2015,FALSE,7
Delaware,Mississippi,5.517116743802074e-4,2008,2012,FALSE,4
Delaware,Missouri,6.094481897613507e-4,2008,2010,FALSE,2
Delaware,Montana,5.119785397911682e-4,2008,2009,FALSE,1
Delaware,Nebraska,5.96835409387654e-4,2008,2015,FALSE,7
Delaware,North Carolina,4.955947093603287e-4,2008,2005,FALSE,3
Delaware,North Dakota,0.0010055814213445965,2008,2011,FALSE,3
Delaware,Ohio,0.9804373272237481,2008,2016,FALSE,8
Delaware,Oklahoma,6.45395734879789e-4,2008,2004,FALSE,4
Delaware,Oregon,0.003357870019165945,2008,2015,FALSE,7
Delaware,South Carolina,5.154233220269626e-4,2008,2010,FALSE,2
Delaware,South Dakota,5.582998957718215e-4,2008,2010,FALSE,2
Delaware,Tennessee,5.053077624046428e-4,2008,2009,FALSE,1
Delaware,Texas,0.001536228461645517,2008,2015,FALSE,7
Delaware,Utah,0.0029658360371567806,2008,2008,FALSE,0
Delaware,Virginia,5.426272451303357e-4,2008,2006,FALSE,2
Delaware,Washington,5.070231712137946e-4,2008,2017,FALSE,9
Delaware,West Virginia,0.045236500467452784,2008,2018,FALSE,10
Delaware,Wisconsin,3.49364457350237e-4,2008,2014,FALSE,6
Delaware,Iowa,0.006014871832132451,2008,2021,FALSE,13
Delaware,New Hampshire,0.8589328034037945,2008,2018,FALSE,10
Delaware,New York,0.002642973792756526,2008,2017,FALSE,9
Delaware,Pennsylvania,0.0018992751346722033,2008,2021,TRUE,13
Delaware,Vermont,0.6374634480841782,2008,2021,FALSE,13
Iowa,Kansas,0.7668956162074713,2021,2004,FALSE,17
Iowa,Kentucky,0.8761994730483168,2021,2012,FALSE,9
Iowa,Louisiana,0.9229724451923994,2021,2008,FALSE,13
Iowa,Maine,0.8467248258393312,2021,2012,FALSE,9
Iowa,Maryland,0.006490038205731817,2021,2018,FALSE,3
Iowa,Massachusetts,0.16692517809814117,2021,2006,FALSE,15
Iowa,Michigan,0.5146930602744858,2021,2006,FALSE,15
Iowa,Minnesota,0.8136760601587628,2021,2015,TRUE,6
Iowa,Mississippi,0.7672582136628741,2021,2012,FALSE,9
Iowa,Missouri,0.7676514045372536,2021,2010,TRUE,11
Iowa,Montana,0.3884424763686719,2021,2009,FALSE,12
Iowa,Nebraska,0.5676844159944461,2021,2015,TRUE,6
Iowa,North Carolina,0.7670285033333607,2021,2005,FALSE,16
Iowa,North Dakota,0.7840947619778397,2021,2011,FALSE,10
Iowa,Ohio,0.15749722946910089,2021,2016,FALSE,5
Iowa,Oklahoma,0.7670969634020288,2021,2004,FALSE,17
Iowa,Oregon,0.9513563620452614,2021,2015,FALSE,6
Iowa,South Carolina,0.7672246030483006,2021,2010,FALSE,11
Iowa,South Dakota,0.40581309311540753,2021,2010,TRUE,11
Iowa,Tennessee,0.7675925338425241,2021,2009,FALSE,12
Iowa,Texas,0.8375460369143478,2021,2015,FALSE,6
Iowa,Utah,0.5534755432704803,2021,2008,FALSE,13
Iowa,Virginia,0.7671570381339751,2021,2006,FALSE,15
Iowa,Washington,0.7670281227197845,2021,2017,FALSE,4
Iowa,West Virginia,0.7872059207527773,2021,2018,FALSE,3
Iowa,Wisconsin,0.38783989656865997,2021,2014,TRUE,7
Iowa,New Hampshire,0.27090195863713146,2021,2018,FALSE,3
Iowa,New York,0.517045595631713,2021,2017,FALSE,4
Iowa,Pennsylvania,0.8605424030823657,2021,2021,FALSE,0
Iowa,Vermont,0.40317728897989796,2021,2021,FALSE,0
New Hampshire,North Carolina,0.0030773184624834434,2018,2005,FALSE,13
New Hampshire,North Dakota,0.004628960591550909,2018,2011,FALSE,7
New Hampshire,Ohio,0.8426588175729212,2018,2016,FALSE,2
New Hampshire,Oklahoma,0.0032636889849387597,2018,2004,FALSE,14
New Hampshire,Oregon,0.346826589483128,2018,2015,FALSE,3
New Hampshire,South Carolina,0.003122187553501653,2018,2010,FALSE,8
New Hampshire,South Dakota,0.002399734883009542,2018,2010,FALSE,8
New Hampshire,Tennessee,0.003086199068779479,2018,2009,FALSE,9
New Hampshire,Texas,0.0055303183796558365,2018,2015,FALSE,3
New Hampshire,Utah,0.10291732083986933,2018,2008,FALSE,10
New Hampshire,Virginia,0.0031511149489975034,2018,2006,FALSE,12
New Hampshire,Washington,0.003075507709833881,2018,2017,FALSE,1
New Hampshire,West Virginia,0.06024046381755643,2018,2018,FALSE,0
New Hampshire,Wisconsin,0.0020251598962550475,2018,2014,FALSE,4
New Hampshire,New York,0.514355347682726,2018,2017,FALSE,1
New Hampshire,Pennsylvania,0.007962892965022032,2018,2021,FALSE,3
New Hampshire,Vermont,0.9420911747959687,2018,2021,TRUE,3
New York,North Carolina,0.0029873898956463666,2017,2005,FALSE,12
New York,North Dakota,0.0051407528826390644,2017,2011,FALSE,6
New York,Ohio,0.003192000474348145,2017,2016,FALSE,1
New York,Oklahoma,0.003100451205169163,2017,2004,FALSE,13
New York,Oregon,0.6699824954802979,2017,2015,FALSE,2
New York,South Carolina,0.003041554797936355,2017,2010,FALSE,7
New York,South Dakota,0.0031231594484541253,2017,2010,FALSE,7
New York,Tennessee,0.0029876319128762717,2017,2009,FALSE,8
New York,Texas,0.005962937296216598,2017,2015,FALSE,2
New York,Utah,0.19522945265783176,2017,2008,FALSE,9
New York,Virginia,0.003052594911123374,2017,2006,FALSE,11
New York,Washington,0.002964698193447979,2017,2017,FALSE,0
New York,West Virginia,0.039689037853422475,2017,2018,FALSE,1
New York,Wisconsin,0.0027927691871822953,2017,2014,FALSE,3
New York,Pennsylvania,0.010138927241847099,2017,2021,TRUE,4
New York,Vermont,0.7721604855784371,2017,2021,TRUE,4
Pennsylvania,South Carolina,0.9107070092466082,2021,2010,FALSE,11
Pennsylvania,South Dakota,0.4386672019478189,2021,2010,FALSE,11
Pennsylvania,Tennessee,0.9111336577899595,2021,2009,FALSE,12
Pennsylvania,Texas,0.9826026949432102,2021,2015,FALSE,6
Pennsylvania,Utah,0.49912324951563447,2021,2008,FALSE,13
Pennsylvania,Virginia,0.9106279472251815,2021,2006,FALSE,15
Pennsylvania,Washington,0.9105370985990887,2021,2017,FALSE,4
Pennsylvania,West Virginia,0.9118996131351921,2021,2018,TRUE,3
Pennsylvania,Wisconsin,0.41747372972138824,2021,2014,FALSE,7
Pennsylvania,Vermont,0.010109712031230475,2021,2021,FALSE,0
Vermont,Virginia,0.003073074370034743,2021,2006,FALSE,15
Vermont,Washington,0.0029823328058579362,2021,2017,FALSE,4
Vermont,West Virginia,0.05971062178971094,2021,2018,FALSE,3
Vermont,Wisconsin,0.004186785004291012,2021,2014,FALSE,7
